{"cameraMode":{"drawMode":0,"name":"Shaded","section":"Shading Mode"},"sceneLighting":false,"audioPlay":false,"sceneViewState":{"showFog":true,"showMaterialUpdate":false,"showSkybox":false,"showFlares":true,"showImageEffects":true,"showParticleSystems":true},"in2DMode":false,"pivot":{"x":-2.6649999618530275,"y":1.9743518829345704,"z":-7.02500057220459},"rotation":{"x":-0.03115764632821083,"y":-0.042602475732564929,"z":-0.0013595747295767069,"w":0.998641312122345},"size":8.369328498840332,"orthographic":false}