{"cameraMode":{"drawMode":0,"name":"Shaded","section":"Shading Mode"},"sceneLighting":false,"audioPlay":false,"sceneViewState":{"showFog":true,"showMaterialUpdate":false,"showSkybox":false,"showFlares":true,"showImageEffects":true,"showParticleSystems":true},"in2DMode":false,"pivot":{"x":1.4910733699798585,"y":2.4934749603271486,"z":4.791038513183594},"rotation":{"x":-0.281101256608963,"y":-0.39302194118499758,"z":0.12757325172424317,"w":-0.8662091493606567},"size":30.643465042114259,"orthographic":false}