{"cameraMode":{"drawMode":0,"name":"Shaded","section":"Shading Mode"},"sceneLighting":false,"audioPlay":false,"sceneViewState":{"showFog":true,"showMaterialUpdate":false,"showSkybox":false,"showFlares":true,"showImageEffects":true,"showParticleSystems":true},"in2DMode":false,"pivot":{"x":0.05194193869829178,"y":0.2753966748714447,"z":-0.0369182825088501},"rotation":{"x":-0.03185762092471123,"y":-0.9451935887336731,"z":0.0970359817147255,"w":-0.31016281247138979},"size":1.5328381061553956,"orthographic":false}