{"cameraMode":{"drawMode":0,"name":"Shaded","section":"Shading Mode"},"sceneLighting":false,"audioPlay":false,"sceneViewState":{"showFog":true,"showMaterialUpdate":false,"showSkybox":false,"showFlares":true,"showImageEffects":true,"showParticleSystems":true},"in2DMode":false,"pivot":{"x":30.773256301879884,"y":18.20633888244629,"z":-16.006511688232423},"rotation":{"x":-0.06134618818759918,"y":0.7648376226425171,"z":-0.07365052402019501,"w":-0.6370561718940735},"size":147.93524169921876,"orthographic":false}