{"cameraMode":{"drawMode":0,"name":"Shaded","section":"Shading Mode"},"sceneLighting":false,"audioPlay":false,"sceneViewState":{"showFog":true,"showMaterialUpdate":false,"showSkybox":false,"showFlares":true,"showImageEffects":true,"showParticleSystems":true},"in2DMode":false,"pivot":{"x":-0.012204647064208985,"y":0.0,"z":0.021906346082687379},"rotation":{"x":0.0320625975728035,"y":0.9588152766227722,"z":-0.2554723918437958,"w":0.12027076631784439},"size":4.79152250289917,"orthographic":true}