{"cameraMode":{"drawMode":2,"name":"Shaded Wireframe","section":"Shading Mode"},"sceneLighting":false,"audioPlay":false,"sceneViewState":{"showFog":true,"showMaterialUpdate":false,"showSkybox":false,"showFlares":true,"showImageEffects":true,"showParticleSystems":true},"in2DMode":false,"pivot":{"x":-0.06347274780273438,"y":0.0638427734375,"z":-0.063232421875},"rotation":{"x":0.08902323246002197,"y":-0.8821297883987427,"z":0.18524803221225739,"w":0.4238402843475342},"size":3.0661537647247316,"orthographic":true}