{"cameraMode":{"drawMode":0,"name":"Shaded","section":"Shading Mode"},"sceneLighting":false,"audioPlay":false,"sceneViewState":{"showFog":true,"showMaterialUpdate":false,"showSkybox":false,"showFlares":true,"showImageEffects":true,"showParticleSystems":true},"in2DMode":false,"pivot":{"x":0.0,"y":1.4682382345199586,"z":9.320000648498536},"rotation":{"x":0.036108873784542087,"y":0.9225806593894959,"z":-0.37373948097229006,"w":0.08910707384347916},"size":5.135509490966797,"orthographic":true}