{"cameraMode":{"drawMode":0,"name":"Shaded","section":"Shading Mode"},"sceneLighting":true,"audioPlay":false,"sceneViewState":{"showFog":true,"showMaterialUpdate":false,"showSkybox":true,"showFlares":true,"showImageEffects":true,"showParticleSystems":true},"in2DMode":false,"pivot":{"x":0.30757689476013186,"y":2.856461763381958,"z":-0.3927955627441406},"rotation":{"x":0.31774282455444338,"y":-0.3183428645133972,"z":0.11417653411626816,"w":0.8858230710029602},"size":2.0021212100982668,"orthographic":true}