{"cameraMode":{"drawMode":0,"name":"Shaded","section":"Shading Mode"},"sceneLighting":false,"audioPlay":false,"sceneViewState":{"showFog":true,"showMaterialUpdate":false,"showSkybox":false,"showFlares":true,"showImageEffects":true,"showParticleSystems":true},"in2DMode":false,"pivot":{"x":-0.08924013376235962,"y":0.08513890951871872,"z":0.03552941232919693},"rotation":{"x":0.30138346552848818,"y":0.5960525870323181,"z":-0.2572232484817505,"w":0.6983942985534668},"size":1.7416571378707886,"orthographic":true}