{"cameraMode":{"drawMode":0,"name":"Shaded","section":"Shading Mode"},"sceneLighting":true,"audioPlay":false,"sceneViewState":{"showFog":true,"showMaterialUpdate":false,"showSkybox":true,"showFlares":true,"showImageEffects":true,"showParticleSystems":true},"in2DMode":false,"pivot":{"x":1.5998001098632813,"y":0.2119140625,"z":9.2398681640625},"rotation":{"x":0.2083268165588379,"y":0.7882474660873413,"z":-0.3657069504261017,"w":0.4490063488483429},"size":27.041608810424806,"orthographic":true}