{"cameraMode":{"drawMode":0,"name":"Shaded","section":"Shading Mode"},"sceneLighting":true,"audioPlay":false,"sceneViewState":{"showFog":true,"showMaterialUpdate":false,"showSkybox":true,"showFlares":true,"showImageEffects":true,"showParticleSystems":true},"in2DMode":false,"pivot":{"x":14.64349365234375,"y":5.719173431396484,"z":26.11646270751953},"rotation":{"x":-0.142629474401474,"y":0.7798887491226196,"z":-0.19235321879386903,"w":-0.5783276557922363},"size":12.560300827026368,"orthographic":false}