{"cameraMode":{"drawMode":0,"name":"Shaded","section":"Shading Mode"},"sceneLighting":false,"audioPlay":false,"sceneViewState":{"showFog":true,"showMaterialUpdate":false,"showSkybox":false,"showFlares":true,"showImageEffects":true,"showParticleSystems":true},"in2DMode":false,"pivot":{"x":14.505000114440918,"y":8.695158004760743,"z":28.670799255371095},"rotation":{"x":-0.09821318835020066,"y":0.11198882758617401,"z":-0.01111715380102396,"w":-0.9887929558753967},"size":2.014080762863159,"orthographic":false}