{"cameraMode":{"drawMode":0,"name":"Shaded","section":"Shading Mode"},"sceneLighting":true,"audioPlay":false,"sceneViewState":{"showFog":true,"showMaterialUpdate":false,"showSkybox":true,"showFlares":true,"showImageEffects":true,"showParticleSystems":true},"in2DMode":false,"pivot":{"x":-27.30377197265625,"y":5.014376640319824,"z":-22.722097396850587},"rotation":{"x":0.018251141533255578,"y":0.9807794690132141,"z":-0.15908141434192658,"w":0.11202933639287949},"size":22.497697830200197,"orthographic":false}