{"cameraMode":{"drawMode":0,"name":"Shaded","section":"Shading Mode"},"sceneLighting":true,"audioPlay":false,"sceneViewState":{"showFog":true,"showMaterialUpdate":false,"showSkybox":true,"showFlares":true,"showImageEffects":true,"showParticleSystems":true},"in2DMode":false,"pivot":{"x":-13.465032577514649,"y":0.6000000238418579,"z":-29.27385711669922},"rotation":{"x":-0.005274266004562378,"y":0.9914243221282959,"z":0.04285809397697449,"w":0.12382052838802338},"size":5.209845542907715,"orthographic":false}